Insert into empleado values (1,'Juan01', 'HolaMundo01', 'Juan', 'Cartago', 'El Guarco', 'Tejar');
Insert into empleado values (2,'Juan02', 'HolaMundo02', 'Juan', 'Cartago', 'El Guarco', 'Tejar');
Insert into empleado values (3,'Juan03', 'HolaMundo03', 'Juan', 'Cartago', 'El Guarco', 'Tejar');
Insert into empleado values (4,'Juan04', 'HolaMundo04', 'Juan', 'Cartago', 'El Guarco', 'Tejar');
Insert into empleado values (5,'Juan05', 'HolaMundo05', 'Juan', 'Cartago', 'El Guarco', 'Tejar');
Insert into empleado values (6,'Juan06', 'HolaMundo06', 'Juan', 'Cartago', 'El Guarco', 'Tejar');
Insert into empleado values (7,'Juan07', 'HolaMundo07', 'Juan', 'Cartago', 'El Guarco', 'Tejar');
Insert into empleado values (8,'Juan08', 'HolaMundo08', 'Juan', 'Cartago', 'El Guarco', 'Tejar');
Insert into empleado values (9,'Juan09', 'HolaMundo09', 'Juan', 'Cartago', 'El Guarco', 'Tejar');
Insert into empleado values (10,'Juan10', 'HolaMundo10', 'Juan', 'Cartago', 'El Guarco', 'Tejar');
Insert into empleado values (11,'Juan11', 'HolaMundo11', 'Juan', 'Cartago', 'El Guarco', 'Tejar');
Insert into empleado values (12,'Juan12', 'HolaMundo12', 'Juan', 'Cartago', 'El Guarco', 'Tejar');
Insert into empleado values (13,'Juan13', 'HolaMundo13', 'Juan', 'Cartago', 'El Guarco', 'Tejar');
Insert into empleado values (14,'Juan14', 'HolaMundo14', 'Juan', 'Cartago', 'El Guarco', 'Tejar');


Insert into cliente values (1,'Jose01', 'HolaMundo01', 'Jose','Perez','Aguirre','Cartago', 'El Guarco', 'Tejar', 11111111);
Insert into cliente values (2,'Jose02', 'HolaMundo02', 'Jose','Perez','Aguirre','Cartago', 'El Guarco', 'Tejar', 11111111);
Insert into cliente values (3,'Jose03', 'HolaMundo03', 'Jose','Perez','Aguirre','Cartago', 'El Guarco', 'Tejar', 11111111);
Insert into cliente values (4,'Jose04', 'HolaMundo03', 'Jose','Perez','Aguirre','Cartago', 'El Guarco', 'Tejar', 11111111);
Insert into cliente values (5,'Jose05', 'HolaMundo05', 'Jose','Perez','Aguirre','Cartago', 'El Guarco', 'Tejar', 11111111);
Insert into cliente values (6,'Jose06', 'HolaMundo06', 'Jose','Perez','Aguirre','Cartago', 'El Guarco', 'Tejar', 11111111);
Insert into cliente values (7,'Jose07', 'HolaMundo07', 'Jose','Perez','Aguirre','Cartago', 'El Guarco', 'Tejar', 11111111);
Insert into cliente values (8,'Jose08', 'HolaMundo08', 'Jose','Perez','Aguirre','Cartago', 'El Guarco', 'Tejar', 11111111);
Insert into cliente values (9,'Jose09', 'HolaMundo09', 'Jose','Perez','Aguirre','Cartago', 'El Guarco', 'Tejar', 11111111);
Insert into cliente values (10,'Jose10','HolaMundo10', 'Jose','Perez','Aguirre','Cartago', 'El Guarco', 'Tejar', 11111111);
Insert into cliente values (11,'Jose11','HolaMundo11', 'Jose','Perez','Aguirre','Cartago', 'El Guarco', 'Tejar', 11111111);
Insert into cliente values (12,'Jose12','HolaMundo12', 'Jose','Perez','Aguirre','Cartago', 'El Guarco', 'Tejar', 11111111);
Insert into cliente values (13,'Jose13','HolaMundo13', 'Jose','Perez','Aguirre','Cartago', 'El Guarco', 'Tejar', 11111111);
Insert into cliente values (14,'Jose14','HolaMundo14', 'Jose','Perez','Aguirre','Cartago', 'El Guarco', 'Tejar', 11111111);

Insert into administrador_afiliado values ('admin01', 'admin01@gmail.com', 'HelloWorld01','Pedro','Cartago', 'El Guarco', 'Tejar');
Insert into administrador_afiliado values ('admin02', 'admin02@gmail.com', 'HelloWorld02','Pedro','Cartago', 'El Guarco', 'Tejar');
Insert into administrador_afiliado values ('admin03', 'admin03@gmail.com', 'HelloWorld03','Pedro','Cartago', 'El Guarco', 'Tejar');
Insert into administrador_afiliado values ('admin05', 'admin05@gmail.com', 'HelloWorld04','Pedro','Cartago', 'El Guarco', 'Tejar');
Insert into administrador_afiliado values ('admin06', 'admin06@gmail.com', 'HelloWorld05','Pedro','Cartago', 'El Guarco', 'Tejar');
Insert into administrador_afiliado values ('admin07', 'admin07@gmail.com', 'HelloWorld06','Pedro','Cartago', 'El Guarco', 'Tejar');
Insert into administrador_afiliado values ('admin08', 'admin08@gmail.com', 'HelloWorld07','Pedro','Cartago', 'El Guarco', 'Tejar');
Insert into administrador_afiliado values ('admin09', 'admin09@gmail.com', 'HelloWorld08','Pedro','Cartago', 'El Guarco', 'Tejar');
Insert into administrador_afiliado values ('admin10', 'admin10@gmail.com', 'HelloWorld10','Pedro','Cartago', 'El Guarco', 'Tejar');
Insert into administrador_afiliado values ('admin11', 'admin11@gmail.com', 'HelloWorld11','Pedro','Cartago', 'El Guarco', 'Tejar');
Insert into administrador_afiliado values ('admin12', 'admin12@gmail.com', 'HelloWorld12','Pedro','Cartago', 'El Guarco', 'Tejar');
Insert into administrador_afiliado values ('admin13', 'admin13@gmail.com', 'HelloWorld13','Pedro','Cartago', 'El Guarco', 'Tejar');
Insert into administrador_afiliado values ('admin14', 'admin14@gmail.com', 'HelloWorld14','Pedro','Cartago', 'El Guarco', 'Tejar');





Insert into repartidor values ('Rep01','Rep01@gmail.com', 'HolaMundo01', 'Rep', 'Cartago', 'El Guarco', 'Tejar');
Insert into repartidor values ('Rep02','Rep02@gmail.com', 'HolaMundo02', 'Rep', 'Cartago', 'El Guarco', 'Tejar');
Insert into repartidor values ('Rep03','Rep03@gmail.com', 'HolaMundo03', 'Rep', 'Cartago', 'El Guarco', 'Tejar');
Insert into repartidor values ('Rep04','Rep04@gmail.com', 'HolaMundo04', 'Rep', 'Cartago', 'El Guarco', 'Tejar');
Insert into repartidor values ('Rep05','Rep05@gmail.com', 'HolaMundo05', 'Rep', 'Cartago', 'El Guarco', 'Tejar');
Insert into repartidor values ('Rep06','Rep06@gmail.com', 'HolaMundo06', 'Rep', 'Cartago', 'El Guarco', 'Tejar');
Insert into repartidor values ('Rep07','Rep07@gmail.com', 'HolaMundo07', 'Rep', 'Cartago', 'El Guarco', 'Tejar');
Insert into repartidor values ('Rep08','Rep08@gmail.com', 'HolaMundo08', 'Rep', 'Cartago', 'El Guarco', 'Tejar');
Insert into repartidor values ('Rep09','Rep09@gmail.com', 'HolaMundo09', 'Rep', 'Cartago', 'El Guarco', 'Tejar');
Insert into repartidor values ('Rep10','Rep10@gmail.com', 'HolaMundo10', 'Rep', 'Cartago', 'El Guarco', 'Tejar');
Insert into repartidor values ('Rep11','Rep11@gmail.com', 'HolaMundo11', 'Rep', 'Cartago', 'El Guarco', 'Tejar');
Insert into repartidor values ('Rep12','Rep12@gmail.com', 'HolaMundo12', 'Rep', 'Cartago', 'El Guarco', 'Tejar');
Insert into repartidor values ('Rep13','Rep13@gmail.com', 'HolaMundo13', 'Rep', 'Cartago', 'El Guarco', 'Tejar');
Insert into repartidor values ('Rep14','Rep14@gmail.com', 'HolaMundo14', 'Rep', 'Cartago', 'El Guarco', 'Tejar');


Insert into pedido(direccion, c_cedula, re_usuario) values ('Cartago',   2, 'Rep09');
Insert into pedido(direccion, c_cedula, re_usuario) values ('San Jose',  5, 'Rep04');
Insert into pedido(direccion, c_cedula, re_usuario) values ('Limon',     4, 'Rep01');
Insert into pedido(direccion, c_cedula, re_usuario) values ('Alajuela',  8, 'Rep06');
Insert into pedido(direccion, c_cedula, re_usuario) values ('Heredia',   1, 'Rep03');
Insert into pedido(direccion, c_cedula, re_usuario) values ('Puntarenas',7, 'Rep01');




Insert into telefono_admin values (23168182, 'admin01');
Insert into telefono_admin values (22222233, 'admin01');
Insert into telefono_admin values (44556677, 'admin05');
Insert into telefono_admin values (88990011, 'admin09');
Insert into telefono_admin values (22334455, 'admin08');
Insert into telefono_admin values (66778899, 'admin06');
Insert into telefono_admin values (00112233, 'admin01');
Insert into telefono_admin values (44665577, 'admin10');
Insert into telefono_admin values (99880011, 'admin01');
Insert into telefono_admin values (22335544, 'admin10');
Insert into telefono_admin values (22335544, 'admin02');
Insert into telefono_admin values (22335544, 'admin06');

select * from telefono_admin;








